"Txhash","Blockno","UnixTimestamp","DateTime","From","To","ContractAddress","Value_IN(ETH)","Value_OUT(ETH)","CurrentValue @ $3081.29/Eth","TxnFee(ETH)","TxnFee(USD)","Historical $Price/Eth","Status","ErrCode","Method"
"0x98a4a9aa2eac66b1ae9903657c84a6fadae5433c0709e41d8cc06130abb57d17","6475891","1538992565","2018-10-08 09:56:05","0x1daf1a61de2a64ab0a628a19bbf4791f5202c74a","0x3482549fca7511267c9ef7089507c0f16ea1dcc1","","0.05","0","154.0645","0.000105","0.32353545","229.33","","","Transfer",""
"0xeef9ac465a48343301a8edf503e5a0acbaa28f1a7a0fd8f6ad2822f46d27bc3a","6475937","1538993215","2018-10-08 10:06:55","0x3482549fca7511267c9ef7089507c0f16ea1dcc1","","0x0eb99ce29fa5f0708a2ba1624d4c161bcbf31912","0","0","0","0.0490553602","151.153790830658","229.33","","","0x60806040",""
"0x5d0da734f25e550f71e65e6f427d8894cea32113e17899e3a88724a991c04c9f","6649539","1541443657","2018-11-05 18:47:37","0x1daf1a61de2a64ab0a628a19bbf4791f5202c74a","0x3482549fca7511267c9ef7089507c0f16ea1dcc1","","0.047929447852760736","0","147.684528374233","0.000105","0.32353545","209.70","","","Transfer",""
"0xb775b31ba8f2429b910f1a92ed4c1e3032884d7064496f942837227f8ed22b97","6649559","1541443856","2018-11-05 18:50:56","0x3482549fca7511267c9ef7089507c0f16ea1dcc1","","0x854f1b09723cdf32ee2e36b74d47e7a11752ca03","0","0","0","0.0357755586","110.234870958594","209.70","","","0x60806040",""
"0x52f17ec60bc626f45efd391552bee6c7215742bebf3a40e5e1d18c35c4a8dc27","6649577","1541444122","2018-11-05 18:55:22","0x3482549fca7511267c9ef7089507c0f16ea1dcc1","","0x41d90d68c5b999be85247988ce15ff06fde85531","0","0","0","0.001894645","5.83795069205","209.70","","","0x60806040",""
"0x653dbcc81f1bce9a4f5e57accc0dc2e06d52fbededde285c77d4e09200ff7b5e","6799011","1543562365","2018-11-30 07:19:25","0x1daf1a61de2a64ab0a628a19bbf4791f5202c74a","0x3482549fca7511267c9ef7089507c0f16ea1dcc1","","0.1","0","308.129","0.00021","0.6470709","112.87","","","Transfer",""
"0xdbc77e72db6f0e652410d405f466cf3569fe8895af68b3d7490192a6348ac800","6799037","1543562735","2018-11-30 07:25:35","0x3482549fca7511267c9ef7089507c0f16ea1dcc1","","0xdc64c620981fd058df44410b43b63ef791fed580","0","0","0","0.04463936","137.5468135744","112.87","Error(0)","Out of gas","0x60806040",""
"0x6fd9052483af1373342038d9b1e71e0c3c856555e87ce0477571580fb575e53f","6799812","1543573557","2018-11-30 10:25:57","0x1daf1a61de2a64ab0a628a19bbf4791f5202c74a","0x3482549fca7511267c9ef7089507c0f16ea1dcc1","","0.15","0","462.1935","0.00063","1.9412127","112.87","","","Transfer",""
"0x5ba1798e62e1160c6c05b4f4c7f16252914ed8f66fcae0a0397f612596314af1","6799825","1543573725","2018-11-30 10:28:45","0x3482549fca7511267c9ef7089507c0f16ea1dcc1","","0x81b52ad71d15e5835f7c0aa10746caf7494ecb6b","0","0","0","0.158183025","487.40777310225","112.87","","","0x60806040",""
"0x87241dcb324c3ecccb2779dae36f7858434c6931eef463f83216a75f4c96f441","6837233","1544108523","2018-12-06 15:02:03","0x3482549fca7511267c9ef7089507c0f16ea1dcc1","","0x7795c8e8a89c58aebddd791ccb875fe1fbd4ae21","0","0","0","0.027652662","85.20587089398","90.43","","","0x60806040",""
"0xdbfab04df1494f5bf899c6d11c6e1a9f7d3be9013d677d355460c5f6eaa694bc","6861082","1544448533","2018-12-10 13:28:53","0x3482549fca7511267c9ef7089507c0f16ea1dcc1","","0xd16f938e18687f069f244b192e464e7af3fdcd9e","0","0","0","0.00335015","10.3227836935","90.70","","","0x60806040",""
"0xd3c717e80e8e0fec2d415c9444878e5650f6bcdf92dcdf4d30404f8447e45ee3","6861095","1544448687","2018-12-10 13:31:27","0x3482549fca7511267c9ef7089507c0f16ea1dcc1","","0xbe64212ffbd1313df6dcda0fb1361c7c11e8089f","0","0","0","0.00335015","10.3227836935","90.70","","","0x60806040",""
"0x7ac1aba49d54539a0aca25ad805db6395bf1e7c73068e937b11146ca9dc042d3","6861103","1544448782","2018-12-10 13:33:02","0x3482549fca7511267c9ef7089507c0f16ea1dcc1","","0x02d91d75ba63fa3e6b7524136dab8ce206e3be67","0","0","0","0.004231715","13.03914111235","90.70","","","0x60806040",""
"0x423d1370f6884260c69c6cf541212f52b95402f995e430787250084dbdfad1de","6879169","1544706840","2018-12-13 13:14:00","0x3482549fca7511267c9ef7089507c0f16ea1dcc1","","0xb83609dfefb2fe3ccf8867f4cf8ae54286220119","0","0","0","0.002045178","6.30178651962","86.39","","","0x60806040",""
"0xe2c63948afca1dee95f40c18c34f0072edbeca70ef20750a81e0e4317979c187","6903380","1545053067","2018-12-17 13:24:27","0x3482549fca7511267c9ef7089507c0f16ea1dcc1","","0xab653439c90a73ef349fea5c2b0d52dc89186622","0","0","0","0.00189919","5.8519551551","95.44","","","0x60806040",""
"0x581865287427b073740da2f7e77fcdc6e3917885ef7a32c41bdf2c9c384c950c","6903390","1545053203","2018-12-17 13:26:43","0x3482549fca7511267c9ef7089507c0f16ea1dcc1","","0xec013deab2d739fc5f1a4aac57ef48726b1b35ca","0","0","0","0.006313355","19.45327762795","95.44","","","0x60806040",""
"0xcdfda9df5858596c3b13b2dc00f47ad5aea27a8ab7cc029616ce66bd359c35d4","6903399","1545053315","2018-12-17 13:28:35","0x3482549fca7511267c9ef7089507c0f16ea1dcc1","","0x8cd899013c9296365270434c0376ee5eb3359b61","0","0","0","0.00470796","14.5065900684","95.44","","","0x60806040",""
"0xdaef7a41e0bcf5fb5cc9b0c3ca5c29a345d58edf01af0e452f76f931f2cfa8d1","6903428","1545053665","2018-12-17 13:34:25","0x1daf1a61de2a64ab0a628a19bbf4791f5202c74a","0x3482549fca7511267c9ef7089507c0f16ea1dcc1","","0.1","0","308.129","0.000105","0.32353545","95.44","","","Transfer",""
"0xe757eb82812170beaa40f12c1e0bdd0b5fc3edfa7b56893c01b1ad9a8a5d8f02","6903432","1545053763","2018-12-17 13:36:03","0x3482549fca7511267c9ef7089507c0f16ea1dcc1","","0x260919cb90359603eac7c15af63f65331a9fa133","0","0","0","0.00741578","22.8501687562","95.44","","","0x60806040",""
"0x5aee39b94a333128eb9560a2d52a431ef9a71677cf0e3690965a714c9ed40094","7404443","1553067412","2019-03-20 07:36:52","0x3482549fca7511267c9ef7089507c0f16ea1dcc1","","0x91be8830010705917a05589e75692c63ccb44a72","0","0","0","0.00205689","6.3378745881","140.22","","","0x60806040",""
"0xe6354ef4f4e323e39b0e7a2b217335ac20595749e201a42c2c62606d84482735","7443694","1553595822","2019-03-26 10:23:42","0x3482549fca7511267c9ef7089507c0f16ea1dcc1","","0xe7ab3b075ae9e5b32d70c7e8e0ad33b3bc76533b","0","0","0","0.009092193","28.01568336897","134.29","","","0x60806040",""
"0xdbab78f9374a10ef14225ea8e8a1b95d2b580f928059ef826ca1c30ee673508c","7785951","1558206905","2019-05-18 19:15:05","0x3482549fca7511267c9ef7089507c0f16ea1dcc1","","0xcafc204403bdb3ea213863447a820de03f3bb6cf","0","0","0","0.004242216","13.07149773864","233.96","","","0x60806040",""
"0x3c2d5c0aba40def8e599ef98559de6642905613523680701ac354259baa7fe34","7949126","1560412319","2019-06-13 07:51:59","0x3482549fca7511267c9ef7089507c0f16ea1dcc1","","0xb848af0bb8f823bb4851829ac7bb657e87d3d5e0","0","0","0","0.001376232","4.24056989928","255.09","","","0x60806040",""
"0x38d01989df2b3cb51ebc9e997e19e513fb5edb41a6ed6192189520bf8b5555e8","8585717","1568976711","2019-09-20 10:51:51","0x3482549fca7511267c9ef7089507c0f16ea1dcc1","","0x71e848d950d70ff60c125e8019a44dabd9a4805e","0","0","0","0.0380768","117.325663072","218.26","","","0x60806040",""
"0x071b6c9ea6239ca6f31e1db909e287e137fc8a48886415d69ade84d7406dd0fd","8585766","1568977209","2019-09-20 11:00:09","0x3482549fca7511267c9ef7089507c0f16ea1dcc1","","0xb92aeb5ccd4d3e1d5cb2f09c49927d2785fe588d","0","0","0","0.01654986","50.9949181194","218.26","","","0x60806040",""
"0x18d98eda72ca0d6913ad2330099a426715673e0d76208af6533af5244ba8f425","8764106","1571391768","2019-10-18 09:42:48","0x00cdc153aa8894d08207719fe921fff964f28ba3","0x3482549fca7511267c9ef7089507c0f16ea1dcc1","","0.16746295","0","516.0019132055","0.0002541","0.782955789","173.29","","","Transfer",""
"0x372f18bb787c7455a98b9f3a76d267429abdecbecb8fb559a0fdb1d3a3b1c487","8764129","1571392075","2019-10-18 09:47:55","0x3482549fca7511267c9ef7089507c0f16ea1dcc1","","0xaf23ea1134f9e8af8de5c5511d7a5b53a1a3b104","0","0","0","0.08","246.5032","173.29","Error(0)","Out of gas","0x60806040",""
"0x3103ea6ad38ea49e6c077120863873f67bf7caeca6777e302fb1749eb43aa380","8764137","1571392213","2019-10-18 09:50:13","0x3482549fca7511267c9ef7089507c0f16ea1dcc1","","0xf79ab01289f85b970bf33f0543e41409ed2e1c1f","0","0","0","0.0816948","251.725370292","173.29","","","0x60806040",""
"0x53e6b839f215515ef22415c6439c13297c53bf2e0084ff1332507aa7986457e8","8764147","1571392311","2019-10-18 09:51:51","0x3482549fca7511267c9ef7089507c0f16ea1dcc1","","0x54fb983e33860b4671108748944dcb153eafde68","0","0","0","0.003331436","10.26512043244","173.29","","","0x60806040",""
"0x601d6f11a2828638bcb046bd875f9910a3220b33a6d6c54da47e37c27a868563","8764155","1571392418","2019-10-18 09:53:38","0x3482549fca7511267c9ef7089507c0f16ea1dcc1","0xf79ab01289f85b970bf33f0543e41409ed2e1c1f","","0","0","0","0.00012148","0.3743151092","173.29","","","Transfer Ownership",""
"0x4bed6cffbde9cca06dd3c77019f93490bd76fb88ece1f5c260ae4a6066ed246a","8803300","1571924824","2019-10-24 13:47:04","0x3482549fca7511267c9ef7089507c0f16ea1dcc1","","0xf2ee97405593bc7b6275682b0331169a48fedec7","0","0","0","0.001890012","5.82367507548","161.07","","","0x60806040",""
"0x12ed8957bfec174fbf6b2ad924df374712659bb078d74fccbcaac68c619b2d83","9150997","1577109346","2019-12-23 13:55:46","0x3482549fca7511267c9ef7089507c0f16ea1dcc1","","0x6a5ff3ceecae9ceb96e6ac6c76b82af8b39f0eb3","0","0","0","0.012129198","37.37357650542","128.10","","","0x60806040",""
"0x7af2fa0c4fcb2942b49585905ddfa64fe8b9518437e7397accb9c00b379b6d97","9194929","1577866517","2020-01-01 08:15:17","0x3482549fca7511267c9ef7089507c0f16ea1dcc1","0x6a5ff3ceecae9ceb96e6ac6c76b82af8b39f0eb3","","0","0","0","0.000123688","0.38111859752","130.60","","","Transfer Ownership",""
"0xd0e6baccdc5c34f991c1ad73e34e41bf56be0eb5d82936503a2ac09bfe6c8593","9434814","1581068485","2020-02-07 09:41:25","0x3f46680099cf623163c96747a8addb85a1da1cd1","0x3482549fca7511267c9ef7089507c0f16ea1dcc1","","0.1","0","308.129","0.000126","0.38824254","223.14","","","Transfer",""
"0x13c4e81022ca88bba2f51ffea28043b2e6c0e348a1da86a161a49067d1c2a963","9434823","1581068567","2020-02-07 09:42:47","0x3482549fca7511267c9ef7089507c0f16ea1dcc1","","0xebc15595631efa80791b92c63909005c57396bfd","0","0","0","0.012159726","37.46764212654","223.14","","","0x60806040",""
"0x6a27882959cdc2233bd4edd1db4cb89a79c467aaf3225fe7551c2ea4e85713f8","9434891","1581069548","2020-02-07 09:59:08","0x3482549fca7511267c9ef7089507c0f16ea1dcc1","0xebc15595631efa80791b92c63909005c57396bfd","","0","0","0","0.0012","3.697548","223.14","Error(0)","Out of gas","Mint",""
"0xd7b6724fb556fd2d45d15474568f90fddc96fd5c46ce4a51a9ca4b51409864bb","9434897","1581069660","2020-02-07 10:01:00","0x3482549fca7511267c9ef7089507c0f16ea1dcc1","0xebc15595631efa80791b92c63909005c57396bfd","","0","0","0","0.00128235","3.9512922315","223.14","","","Mint",""
"0x60071ea1a6a55787194ccdcb9f4b543703e9a9547729204b48d55d820ac3d9a3","9435110","1581072378","2020-02-07 10:46:18","0x3482549fca7511267c9ef7089507c0f16ea1dcc1","0xebc15595631efa80791b92c63909005c57396bfd","","0","0","0","0.000273108","0.84152494932","223.14","","","Burn",""
"0xecbf8f111113aed4f65bd3b7cbd5ef6e42f846f23bd103d13ac01e1f9cc1cec2","9435138","1581072684","2020-02-07 10:51:24","0x3482549fca7511267c9ef7089507c0f16ea1dcc1","0x6a5ff3ceecae9ceb96e6ac6c76b82af8b39f0eb3","","0","0","0","0.000896468","2.76227788372","223.14","","","Mint",""
"0x6ea3a646816b1fe25740525ba274f3105f21d2d344ac0e71351b634510e93f91","9435145","1581072771","2020-02-07 10:52:51","0x3482549fca7511267c9ef7089507c0f16ea1dcc1","0xebc15595631efa80791b92c63909005c57396bfd","","0","0","0","0.00128235","3.9512922315","223.14","","","Mint",""
"0x0463eec57a542067f384fbe421a793467669faf86f97bd378f24eb18b75637a2","9475056","1581602095","2020-02-13 13:54:55","0x3482549fca7511267c9ef7089507c0f16ea1dcc1","0x6a5ff3ceecae9ceb96e6ac6c76b82af8b39f0eb3","","0","0","0","0.000134082","0.41314552578","268.56","","","Set Approval For All",""
"0xdab49b1bee2c70efba500de0875f776fe16a6b6612a722b62984df9ab7ee9cc8","9475056","1581602095","2020-02-13 13:54:55","0x3482549fca7511267c9ef7089507c0f16ea1dcc1","0xf2ee97405593bc7b6275682b0331169a48fedec7","","0","0","0","0.000144156","0.44418644124","268.56","","","Cancel",""
"0x14e55d8de22012a5fd2c5facab2e8f9991c36f4fc0af10101f1b63d84478c13b","9708888","1584711923","2020-03-20 13:45:23","0x3482549fca7511267c9ef7089507c0f16ea1dcc1","","0x6641e832a31c9dd894bd4fd7d840011c1cf304ed","0","0","0","0.00422184","13.0087133736","133.40","","","0x60806040",""
"0x130709c1e3c8668be9b49fdc2dc791ca6c0e8d460ec6744cd5173ff2fcdcc8ce","9753453","1585311946","2020-03-27 12:25:46","0x3482549fca7511267c9ef7089507c0f16ea1dcc1","","0x7688e10b6a21033ea6783d531b23fcfe04df16ee","0","0","0","0.007956344","24.51580320376","131.51","","","0x60806040",""
"0x124ee322659eb16207f1d4eec4764c1e2aca27cfe55db11479f9c5b845d68aaf","9753462","1585312091","2020-03-27 12:28:11","0x3482549fca7511267c9ef7089507c0f16ea1dcc1","0x7688e10b6a21033ea6783d531b23fcfe04df16ee","","0","0","0","0.0008549","2.634194821","131.51","","","Mint",""
"0xff0e438fb19d844e1bc562a308c2e7387fbbf8525c2765be8fd2c303e7b315cc","9757983","1585372106","2020-03-28 05:08:26","0x3482549fca7511267c9ef7089507c0f16ea1dcc1","","0xb5fa523213df164dce45d75e41bb33e9c5fb5b06","0","0","0","0.004021066","12.39007045514","131.34","","","0x60806040",""
"0xe643a7f925e480ada0d4cab786b934de00b2f9e85114102ba1578dedbfb28cb0","9758009","1585372365","2020-03-28 05:12:45","0x3482549fca7511267c9ef7089507c0f16ea1dcc1","0xb5fa523213df164dce45d75e41bb33e9c5fb5b06","","0","0","0","0.00042745","1.3170974105","131.34","","","Mint",""
"0x841e02272fc33b8b05048c0d8ab3b8aa81bd4baaada92f5086eedf0518a29f6b","9786016","1585743654","2020-04-01 12:20:54","0x3482549fca7511267c9ef7089507c0f16ea1dcc1","","0x21450f382a5c5c60869339afb308154629a687de","0","0","0","0.005158064","15.89349102256","136.05","","","0x60806040",""
"0x0760cfacd46a80f4ef7505e644a9ffa7a4785df50e1e28712de02f83ea9eab0d","9786291","1585747442","2020-04-01 13:24:02","0x3482549fca7511267c9ef7089507c0f16ea1dcc1","0x21450f382a5c5c60869339afb308154629a687de","","0","0","0","0.000101532","0.31284953628","136.05","","","Set Contract URI Prefix",""
"0x8a8be71eba831c94fbfad8d1d5f344f7ac04c92fe6103552b778644b0235768b","9786597","1585751607","2020-04-01 14:33:27","0x3482549fca7511267c9ef7089507c0f16ea1dcc1","0x21450f382a5c5c60869339afb308154629a687de","","0","0","0","0.00055236","1.7019813444","136.05","","","Mint",""
"0x04a8952a8958e815eaebcd5413884de23c54f99c7be7ee18b4f995f23e50744f","9825264","1586266139","2020-04-07 13:28:59","0x3482549fca7511267c9ef7089507c0f16ea1dcc1","0xa5409ec958c83c3f309868babaca7c86dcb077c1","","0","0","0","0.002348412","7.23613841148","164.66","","","Register Proxy",""
"0x6b26925431432ce5a8ed2fc18ebf4d28ee01a33fb87d7d1f5a8b7ef2405dcc80","9825269","1586266220","2020-04-07 13:30:20","0x3482549fca7511267c9ef7089507c0f16ea1dcc1","0xb5fa523213df164dce45d75e41bb33e9c5fb5b06","","0","0","0","0.000268302","0.82671626958","164.66","","","Set Approval For All",""
"0x0e50bdf1816a33aaf2acfd40043a70148a3df147ee23ab7b4d995c99ebabd8d4","10090808","1589815824","2020-05-18 15:30:24","0x3482549fca7511267c9ef7089507c0f16ea1dcc1","","0x0e58f11315665db91bd05e32b91c490d83ca353e","0","0","0","0.055935528","172.35358307112","214.73","","","0x60806040",""
"0x3eb944886b04755f93c36a39d69f9653cd2803f7dea3de86389bd76546e46b09","10091539","1589825601","2020-05-18 18:13:21","0x3482549fca7511267c9ef7089507c0f16ea1dcc1","0x0e58f11315665db91bd05e32b91c490d83ca353e","","0","0","0","0.002810448","8.65980531792","214.73","","","0xf0cc52a0",""
"0xa0acac73b7a68f4ccc6cfa136750206c4342f6cfe52b5e913dc79fb75a20ace5","10091554","1589825882","2020-05-18 18:18:02","0x3482549fca7511267c9ef7089507c0f16ea1dcc1","0x0e58f11315665db91bd05e32b91c490d83ca353e","","0","0","0","0.001012104","3.11858593416","214.73","","","Safe Transfer From",""
"0x26193960c0fc405c9fca53dbc9a14a0b4ffea3bb234f4ce18e8b90567149d029","10146987","1590571710","2020-05-27 09:28:30","0x3f46680099cf623163c96747a8addb85a1da1cd1","0x3482549fca7511267c9ef7089507c0f16ea1dcc1","","0.5","0","1540.645","0.0007392","2.277689568","208.34","","","Transfer",""
"0x0c8bf04e67d62923f8c8ecc1409b68d42adfd6e2cf102f7d7c9141a1472e408e","10147580","1590579479","2020-05-27 11:37:59","0x3482549fca7511267c9ef7089507c0f16ea1dcc1","","0x60f80121c31a0d46b5279700f9df786054aa5ee5","0","0","0","0.120547995","371.44333151355","208.34","","","0x60806040",""
"0x39d79792c99695fd7c7aa38dd8a9538c82ded2f42ca0b8eca8b019d2fe377e36","10147631","1590580196","2020-05-27 11:49:56","0x3482549fca7511267c9ef7089507c0f16ea1dcc1","","0xd07dc4262bcdbf85190c01c996b4c06a461d2430","0","0","0","0.11612848","357.8255241392","208.34","","","0x60806040",""
"0xa35eb99c0a9f25f7e46bb3e17b13a378d5fa112dd010f10097e159552f933c27","10147693","1590581111","2020-05-27 12:05:11","0x3482549fca7511267c9ef7089507c0f16ea1dcc1","","0x4fee7b061c97c9c496b01dbce9cdb10c02f0a0be","0","0","0","0.02402172","74.0178856188","208.34","","","0x60806040",""
"0x5c6d8d13d490e455e39a9d4774d2478246c5916d282939e3e9eea6430c7c446f","10147787","1590582071","2020-05-27 12:21:11","0x3482549fca7511267c9ef7089507c0f16ea1dcc1","","0xefaefa82be8e827a15c9989417a19107ac9d54af","0","0","0","0.02452352","75.5640769408","208.34","","","0x60806040",""
"0xea527db796b0a6c3c8fcd7695fb3d999aa545cce04fee98e00311287ce8f3a86","10147810","1590582373","2020-05-27 12:26:13","0x3482549fca7511267c9ef7089507c0f16ea1dcc1","","0x295fe6bc5ad4bdb770d416c066626e4207e10339","0","0","0","0.02692464","82.9626239856","208.34","","","0x60806040",""
"0x9a1af993b75b303f78f7f79022f98cda0d3e836e89f6879070325c89fafbe32e","10147841","1590582808","2020-05-27 12:33:28","0x3482549fca7511267c9ef7089507c0f16ea1dcc1","","0xa5af48b105ddf2fa73cbaac61d420ea31b3c2a07","0","0","0","0.04054352","124.9263427408","208.34","","","0x60806040",""
"0x47a96f5a4e698cdb5ccebdbb789559aeec6f7945710d00ed41733517aeba047d","10147909","1590583825","2020-05-27 12:50:25","0x3482549fca7511267c9ef7089507c0f16ea1dcc1","","0x8c530a698b6e83d562db09079bc458d4dad4e6c5","0","0","0","0.05805412","178.8815794148","208.34","","","0x60806040",""
"0x8583e3cd008548f4f18717d4576d8157357644e06a316702133946345bacf51d","10147952","1590584336","2020-05-27 12:58:56","0x3482549fca7511267c9ef7089507c0f16ea1dcc1","0x4fee7b061c97c9c496b01dbce9cdb10c02f0a0be","","0","0","0","0.00182772","5.6317353588","208.34","","","Add Operator",""
"0x78509e88daea35a1b471bd34661837e4297388542c5d7e60e8114bff3ebfb9f8","10147974","1590584605","2020-05-27 13:03:25","0x3482549fca7511267c9ef7089507c0f16ea1dcc1","0x4fee7b061c97c9c496b01dbce9cdb10c02f0a0be","","0","0","0","0.00182772","5.6317353588","208.34","","","Add Operator",""
"0x40dc9e6e462e372e4eef6f1def844ee286ef7b7c9bfb2f6220214544944a1e08","10147987","1590584826","2020-05-27 13:07:06","0x3482549fca7511267c9ef7089507c0f16ea1dcc1","0xefaefa82be8e827a15c9989417a19107ac9d54af","","0","0","0","0.00182772","5.6317353588","208.34","","","Add Operator",""
"0x23c95d1dfdec142019b08b7dd795d00940c961a2380ceaa48542eaa952951ab7","10147999","1590584949","2020-05-27 13:09:09","0x3482549fca7511267c9ef7089507c0f16ea1dcc1","0x295fe6bc5ad4bdb770d416c066626e4207e10339","","0","0","0","0.0018304","5.639993216","208.34","","","Add Operator",""
"0x86e4574c7f970a0bc2836e5201913a76e888cbc4933559c4c1b72ccb3147371c","10412145","1594122772","2020-07-07 11:52:52","0x3482549fca7511267c9ef7089507c0f16ea1dcc1","","0x05632408ecf267fb7acca9050a53413737bf4f65","0","0","0","0.01865444","57.4797394276","239.35","","","0x60806040",""
"0xab8ce1f2a3a3ec0732e0a93dfba2999402f8c68b6cda7a851d7ab7be3cd8c2d2","10412173","1594123167","2020-07-07 11:59:27","0x3482549fca7511267c9ef7089507c0f16ea1dcc1","","0xf12e1aaec6f1f3fee011a7be5ae53633286b3bbb","0","0","0","0.020873615","64.31766116335","239.35","","","0x60806040",""
"0x347939024d857d86f12f4ae31a28062f66705bf8258e31fb777f4546351b0cae","10427356","1594325638","2020-07-09 20:13:58","0x3f46680099cf623163c96747a8addb85a1da1cd1","0x3482549fca7511267c9ef7089507c0f16ea1dcc1","","0.3","0","924.387","0.000567","1.74709143","242.08","","","Transfer",""
"0x5e62b41e0652e8b6da5916cf8cd094fb7fa581f2f202e482c7f43a3f5e8c226c","10430197","1594363349","2020-07-10 06:42:29","0x3482549fca7511267c9ef7089507c0f16ea1dcc1","","0xed247121d20d0763d9c16aded165c26d2355a66d","0","0","0","0.02485994","76.6006845226","241.21","","","0x60806040",""
"0xb961fa42c9ba944bcbf6bb76e2ab4404180a0424e3cb30728ed972a183060158","10430210","1594363454","2020-07-10 06:44:14","0x3482549fca7511267c9ef7089507c0f16ea1dcc1","0xb68366eb203e1c95ca89899fb04cfdfe7a3d52ea","","0","0","0","0.00214613","6.6128489077","241.21","","","Approve",""
"0x9621b7400a6ca826fa5e14796968692a5269caffa4b50f76f5e56e5f7369c05a","10430324","1594365147","2020-07-10 07:12:27","0x3482549fca7511267c9ef7089507c0f16ea1dcc1","0xed247121d20d0763d9c16aded165c26d2355a66d","","0","0","0","0.001088535","3.35409201015","241.21","","","Transfer Ownership",""
"0xeeab7d390b7c5977ec28a8e6066022c4108f028f6b78590af38b6d79329300e4","10439841","1594491819","2020-07-11 18:23:39","0x3482549fca7511267c9ef7089507c0f16ea1dcc1","","0x83ff97ea731be1c72e139b6291aaa68befc7ee15","0","0","0","0.02250958","69.3585437582","239.25","","","0x60806040",""
"0x075472f0a71667f66c20509bafc35031055b52fb0068732d3f6504ca7ca1c66e","10439866","1594492125","2020-07-11 18:28:45","0x3482549fca7511267c9ef7089507c0f16ea1dcc1","0x83ff97ea731be1c72e139b6291aaa68befc7ee15","","0","0","0","0.00061926","1.9081196454","239.25","","","Transfer Ownership",""
"0x9dc77b06ac82dd10bef4fe171d12ead396f486f67f5bbd9889254bf7150dd815","10446600","1594581748","2020-07-12 19:22:28","0x3482549fca7511267c9ef7089507c0f16ea1dcc1","","0x131858e968dad6b9f1e5ec8a7531fbf7c09c7964","0","0","0","0.01065408","32.8283101632","242.84","","","0x60806040",""
"0x8537f70fe089472e12a87388a522429defb435f08b790a884e8977a2314b57c2","10446610","1594581852","2020-07-12 19:24:12","0x3482549fca7511267c9ef7089507c0f16ea1dcc1","0x131858e968dad6b9f1e5ec8a7531fbf7c09c7964","","0","0","0","0.000466515","1.43746800435","242.84","","","Transfer Ownership",""
"0x7be270e5f99dc01d1be4561a4f452dcb5c77d23408271a832a4bc3b7513d8c45","10457021","1594721646","2020-07-14 10:14:06","0x3482549fca7511267c9ef7089507c0f16ea1dcc1","","0xfca59cd816ab1ead66534d82bc21e7515ce441cf","0","0","0","0.048752505","150.22060613145","240.44","","","0x60806040",""
"0x86005f73264ae1cded4eb36c60b8ddfc2f026900ce0004f8a706fccef0dd3ac4","10457324","1594725931","2020-07-14 11:25:31","0x3482549fca7511267c9ef7089507c0f16ea1dcc1","0xfca59cd816ab1ead66534d82bc21e7515ce441cf","","0","0","0","0.001393875","4.29493309875","240.44","","","Transfer Ownership",""
"0x256ae4b255bf12ccdd5c7b3c8668a13a29c17965116e29316474c73588a89027","10457358","1594726342","2020-07-14 11:32:22","0x3482549fca7511267c9ef7089507c0f16ea1dcc1","","0x89fa8673bb6599f3dd94bb8e497ef71cee3267ee","0","0","0","0.0074","22.801546","240.44","Error(0)","Out of gas","0x60806040",""
"0xf6b31ac81138160d92bbb0cea902bd5e6e91d587d730100d137239498ed21c9c","10457453","1594727586","2020-07-14 11:53:06","0x3482549fca7511267c9ef7089507c0f16ea1dcc1","","0x86d53ee93c3f2fdbbb163cbf4dd09b8841de24f9","0","0","0","0.029982099","92.38354182771","240.44","","","0x60806040",""
"0xcc198164ede9f503a5602e875d4036bf379a2f4c4ec326599cc13312f5c85d51","10457504","1594728274","2020-07-14 12:04:34","0x3482549fca7511267c9ef7089507c0f16ea1dcc1","0x86d53ee93c3f2fdbbb163cbf4dd09b8841de24f9","","0","0","0","0.001151181","3.54712250349","240.44","","","Transfer Ownership",""
"0x10edbaec82119385a60700d1f9b502e1ff1a09046c2a91f3797fe8ddee279fcb","10457504","1594728274","2020-07-14 12:04:34","0x3482549fca7511267c9ef7089507c0f16ea1dcc1","0x86d53ee93c3f2fdbbb163cbf4dd09b8841de24f9","","0","0","0","0.000852258","2.62605405282","240.44","Error(0)","Reverted","Transfer Ownership",""
"0xd5a70573cf8e4afd0f7a2fa04e0d825e9b4d07490bbdc649fc0f975088f4bce5","10457529","1594728540","2020-07-14 12:09:00","0x3482549fca7511267c9ef7089507c0f16ea1dcc1","","0x6fb37f38b49cdcca9004ce2cff1478dec53bdd6f","0","0","0","0.029982099","92.38354182771","240.44","","","0x60806040",""
"0x8023d69eabc9cdba405d3ee180996d038b8c469814f6ffea51c87660ca600424","10464107","1594816368","2020-07-15 12:32:48","0x3482549fca7511267c9ef7089507c0f16ea1dcc1","0x256effcea2ab308d31e318728d2615545171d85b","","0","0.1","308.129","0.001260000030639","3.88242549440764","238.42","","","Transfer",""
"0xe463d699dfb6b689d7cf9f9c2bfc6d09d30bdfba17f33fa1f82e841d44f8e343","10464164","1594817057","2020-07-15 12:44:17","0x3482549fca7511267c9ef7089507c0f16ea1dcc1","0x2baf03e3030f0c8685534a3b603c13a4828036c7","","0","0.01","30.8129","0.00126","3.8824254","238.42","","","Transfer",""
"0xa60c1340ff6d7bf61a6ec1d401751f0b130b0b1afa72180c64c529dc38b20667","10496765","1595253509","2020-07-20 13:58:29","0x256effcea2ab308d31e318728d2615545171d85b","0x3482549fca7511267c9ef7089507c0f16ea1dcc1","","0.2","0","616.258","0.001806","5.56480974","236.16","","","Transfer",""
"0x577092670051f69c8c4f0450cfaf3c24ecb3571238fb58a31ba3373d65f29862","10496800","1595253920","2020-07-20 14:05:20","0x3482549fca7511267c9ef7089507c0f16ea1dcc1","","0x3b5d2b254224954547a33cbf753bcaa5eb4b27bd","0","0","0","0.101614332","313.10322504828","236.16","","","0x60806040",""
"0x48fa5cf21caf7c95f851956d71d1460df4983598134907b959cbc2ff2fdd595c","10496823","1595254277","2020-07-20 14:11:17","0x3482549fca7511267c9ef7089507c0f16ea1dcc1","0x3b5d2b254224954547a33cbf753bcaa5eb4b27bd","","0","0","0","0.002676062","8.24572307998","236.16","","","Transfer Ownership",""
"0x48f8573bc15edb46d9a01b7a8d7a301e239e089730684bd192a27784d6b8e9f9","10568594","1596214424","2020-07-31 16:53:44","0xf82bac698be26b4b3ebbc767c80ae76f3fa75949","0x3482549fca7511267c9ef7089507c0f16ea1dcc1","","0.0466361724","0","143.699571654396","0.002037","6.27658773","346.81","","","Transfer",""
"0x56ff74b2656ca6d982c31496d34fa10fd82ae5e86abd611641c1f16ce769f969","10783566","1599072689","2020-09-02 18:51:29","0xfb1abd6b3648d788365ae85f3b4f5bd5aaa99f1e","0x3482549fca7511267c9ef7089507c0f16ea1dcc1","","2","0","6162.58","0.0106029","32.670609741","439.83","","","Transfer",""
"0xdc1b90eebd9595fa3cb693b1fca119e8475f047d472d42406c404586c9a9090f","10786886","1599116685","2020-09-03 07:04:45","0x3482549fca7511267c9ef7089507c0f16ea1dcc1","","0x93f2a75d771628856f37f256da95e99ea28aafbe","0","0","0","0.77530479","2388.9388963791","382.46","","","0x60806040",""
"0xe0f7eed1afc64e861198adabdf4900ff10e7e9ce144a81a68ddca5f3c4214a65","10786971","1599117960","2020-09-03 07:26:00","0x3482549fca7511267c9ef7089507c0f16ea1dcc1","","0x131aebbfe55bca0c9eaad4ea24d386c5c082dd58","0","0","0","0.77428455","2385.7952410695","382.46","","","0x60806040",""
"0x9803e08a59e6dd327c2a2a1d9803d856463223e2baf3ec015aabc5493974f82b","10787029","1599118821","2020-09-03 07:40:21","0x3482549fca7511267c9ef7089507c0f16ea1dcc1","0x295fe6bc5ad4bdb770d416c066626e4207e10339","","0","0","0","0.0187616","57.809930464","382.46","","","Add Operator",""
"0x0c18ff94f4a3f0eb0f22569f3741e410b997c9032d8735eac9177826207fafef","10787029","1599118821","2020-09-03 07:40:21","0x3482549fca7511267c9ef7089507c0f16ea1dcc1","0x4fee7b061c97c9c496b01dbce9cdb10c02f0a0be","","0","0","0","0.01873413","57.7252874277","382.46","","","Add Operator",""
"0x931eca1ca2e4bbae1c4553774391e84e6d8b51865fbfad7cf8596feb0e242c98","10787029","1599118821","2020-09-03 07:40:21","0x3482549fca7511267c9ef7089507c0f16ea1dcc1","0xefaefa82be8e827a15c9989417a19107ac9d54af","","0","0","0","0.01873413","57.7252874277","382.46","","","Add Operator",""
"0x1b7e0286ffbd1ff7e8727ace5cdf4c278225c2ba7456a4d04ec4bfb21395520f","10787031","1599118833","2020-09-03 07:40:33","0x3482549fca7511267c9ef7089507c0f16ea1dcc1","0x4fee7b061c97c9c496b01dbce9cdb10c02f0a0be","","0","0","0","0.01873413","57.7252874277","382.46","","","Add Operator",""
"0x0489c0eb61b55c4f156baf0353219a1cd3e6b116e3343d913c8505d8cf88e2d3","10911316","1600764118","2020-09-22 08:41:58","0x3482549fca7511267c9ef7089507c0f16ea1dcc1","0x93f2a75d771628856f37f256da95e99ea28aafbe","","0","0","0","0.0048671","14.996946559","344.25","","","Set Beneficiary",""
"0xc56f86280131918fcbe9c91c4dfca38f36bd125c09cc15210ea620b31d7a13fc","10911324","1600764201","2020-09-22 08:43:21","0x3482549fca7511267c9ef7089507c0f16ea1dcc1","0x131aebbfe55bca0c9eaad4ea24d386c5c082dd58","","0","0","0","0.00487084","15.0084705836","344.25","","","Set Beneficiary",""
"0xa35ac26a1011bd12d58aa2250710157a86bb67093338466849cde07209af482f","10911353","1600764455","2020-09-22 08:47:35","0x3482549fca7511267c9ef7089507c0f16ea1dcc1","0x131aebbfe55bca0c9eaad4ea24d386c5c082dd58","","0","0","0","0.00723605","22.2963685045","344.25","","","Set Buyer Fee",""
"0x644e8ad6a9ccc0963e0aff2a7dec00e5c32c34566036cc3f25a19778a6e62202","10911355","1600764480","2020-09-22 08:48:00","0x3482549fca7511267c9ef7089507c0f16ea1dcc1","0x93f2a75d771628856f37f256da95e99ea28aafbe","","0","0","0","0.00723605","22.2963685045","344.25","","","Set Buyer Fee",""
"0x20bdbd084fa81893f3d64efdcff7273f1f0abb7394fd02886320ec1a748eb9a6","11168656","1604200000","2020-11-01 03:06:40","0x1fdc57d80403ad9587666763d168affdfbc60279","0x3482549fca7511267c9ef7089507c0f16ea1dcc1","","0","0","0","0.000336336","1.03634875344","396.49","","","Transfer",""
"0x110019269b1e83699935df3d3c38851c08ad7d9aa05c727939a6dd15b69005b0","11274446","1605603334","2020-11-17 08:55:34","0x3482549fca7511267c9ef7089507c0f16ea1dcc1","","0xfb2c97c09a5e8bc0312626db40f9df460b5af58b","0","0","0","0.0092094","28.376832126","482.71","","","0x60806040",""
"0x56c55305580be9e6f3a4249729105d1d0f4318c57659c6cd3f59f3a3c32aebfb","11274448","1605603344","2020-11-17 08:55:44","0x3482549fca7511267c9ef7089507c0f16ea1dcc1","0xfb2c97c09a5e8bc0312626db40f9df460b5af58b","","0","0","0","0.0025353","7.811994537","482.71","","","Set Completed",""
"0x5ab457d51be5fdcb100511b7f857b5642bedc55d84bbf15552743bb708116dcd","11274450","1605603410","2020-11-17 08:56:50","0x3482549fca7511267c9ef7089507c0f16ea1dcc1","","0xb8e4526e0da700e9ef1f879af713d691f81507d8","0","0","0","0.03148884","97.0262478036","482.71","","","0x60806040",""
"0xefbacfb56ab4079813268e652753159126648cda83f2d91e45613833c05b09be","11274453","1605603420","2020-11-17 08:57:00","0x3482549fca7511267c9ef7089507c0f16ea1dcc1","0xfb2c97c09a5e8bc0312626db40f9df460b5af58b","","0","0","0","0.0016353","5.038833537","482.71","","","Set Completed",""
"0x5eb3020fda82c8f85e4536e275c407adf7ae54e0e5032311d9869794e2559964","11274457","1605603442","2020-11-17 08:57:22","0x3482549fca7511267c9ef7089507c0f16ea1dcc1","","0xed1f5f8724cc185d4e48a71a7fac64fa5216e4a8","0","0","0","0.0412827","127.203970683","482.71","","","0x60806040",""
"0xff755b30611fce4cafc5fe62ec56fe0e3a78bbbcd74186251d33fd1f6c7c3557","11274506","1605604080","2020-11-17 09:08:00","0x3482549fca7511267c9ef7089507c0f16ea1dcc1","0xfb2c97c09a5e8bc0312626db40f9df460b5af58b","","0","0","0","0.0016353","5.038833537","482.71","","","Set Completed",""
"0x496eb21da594185566f4004f7b3d70e628d6a75a8896cffd08688c6c07814c6e","11274511","1605604191","2020-11-17 09:09:51","0x3482549fca7511267c9ef7089507c0f16ea1dcc1","","0xc286c8b4bf8e29ad049a42b17ddf4a7c3248bbe1","0","0","0","0.02166288","66.7496155152","482.71","","","0x60806040",""
"0x8898fb9ff0e20d5c545b5f83b1b650b3c3080a3c15e5c649ab2dcbdde0c6a34f","11274512","1605604218","2020-11-17 09:10:18","0x3482549fca7511267c9ef7089507c0f16ea1dcc1","0xfb2c97c09a5e8bc0312626db40f9df460b5af58b","","0","0","0","0.0016353","5.038833537","482.71","","","Set Completed",""
"0xf30d6f2ec8716c6d1bc725aa06d76e95c2721edc9d2c0a30c1ec05356e8d8296","11274513","1605604227","2020-11-17 09:10:27","0x3482549fca7511267c9ef7089507c0f16ea1dcc1","","0x661aa0fce9ba700d652433dfc8134c2bdf0ba443","0","0","0","0.03017082","92.9650459578","482.71","","","0x60806040",""
"0xb57fc0b3ad82337be15b00868eac85d63d92bfcf05950c720947b4e123c583b9","11274514","1605604254","2020-11-17 09:10:54","0x3482549fca7511267c9ef7089507c0f16ea1dcc1","0xfb2c97c09a5e8bc0312626db40f9df460b5af58b","","0","0","0","0.0016353","5.038833537","482.71","","","Set Completed",""
"0x1de5c585ff18780ae5a7eeb37efe39397daedc576105d376a11b19f525330e02","11274515","1605604264","2020-11-17 09:11:04","0x3482549fca7511267c9ef7089507c0f16ea1dcc1","","0xcd4ec7b66fbc029c116ba9ffb3e59351c20b5b06","0","0","0","0.14525454","447.5713615566","482.71","","","0x60806040",""
"0x1e1197ed6eba185b110f8f947f7f32663b63856a1e4ff24644704343a24da48b","11274516","1605604283","2020-11-17 09:11:23","0x3482549fca7511267c9ef7089507c0f16ea1dcc1","0xfb2c97c09a5e8bc0312626db40f9df460b5af58b","","0","0","0","0.0016353","5.038833537","482.71","","","Set Completed",""
"0x85c8930070942d28419dadbc9b30c6820836fad7efccfa657ccc03d52438fda0","11274646","1605605822","2020-11-17 09:37:02","0x3482549fca7511267c9ef7089507c0f16ea1dcc1","0xb8e4526e0da700e9ef1f879af713d691f81507d8","","0","0","0","0.0027429","8.451670341","482.71","","","Add Operator",""
"0x0ce2e8a7e22a0d422f11b2ef9198623f13c1e370f25ced73c373dec74781dcfb","11274660","1605606010","2020-11-17 09:40:10","0x3482549fca7511267c9ef7089507c0f16ea1dcc1","0x4fee7b061c97c9c496b01dbce9cdb10c02f0a0be","","0","0","0","0.00274158","8.4476030382","482.71","","","Add Operator",""
"0x1383818ea245ca7d45c15b9590aaef4c28a0feb94a620692cdb8acbf4306fa9d","11274667","1605606039","2020-11-17 09:40:39","0x3482549fca7511267c9ef7089507c0f16ea1dcc1","0xed1f5f8724cc185d4e48a71a7fac64fa5216e4a8","","0","0","0","0.00275382","8.4853180278","482.71","","","Add Operator",""
"0xa81b7cc30ae2302f2045a588d39deb8907a07bdfbb7f272125497d4c2e052ccd","11274669","1605606123","2020-11-17 09:42:03","0x3482549fca7511267c9ef7089507c0f16ea1dcc1","0x661aa0fce9ba700d652433dfc8134c2bdf0ba443","","0","0","0","0.0027429","8.451670341","482.71","","","Add Operator",""
"0x4d4f5f9835477b32a5f46b052e79197e38b18bef0d91ae3e6e5718d6ab7a5d19","11274712","1605606830","2020-11-17 09:53:50","0x3482549fca7511267c9ef7089507c0f16ea1dcc1","0x4fee7b061c97c9c496b01dbce9cdb10c02f0a0be","","0","0","0","0.00185454","5.7143755566","482.71","","","Transfer Ownership",""
"0x408eda119fdb5ff820ce9bad5f173c836b7914aebfdf45eb75e418a246f381ce","11274720","1605606916","2020-11-17 09:55:16","0x3482549fca7511267c9ef7089507c0f16ea1dcc1","0xb8e4526e0da700e9ef1f879af713d691f81507d8","","0","0","0","0.00185454","5.7143755566","482.71","","","Transfer Ownership",""
"0x192639b65ae623630d5c1ff541dcbaa0b870afa0d70a97a5fee726c0cd18f346","11274728","1605606975","2020-11-17 09:56:15","0x3482549fca7511267c9ef7089507c0f16ea1dcc1","0xed1f5f8724cc185d4e48a71a7fac64fa5216e4a8","","0","0","0","0.00186678","5.7520905462","482.71","","","Transfer Ownership",""
"0x2717cb440acffd124c75c8a944b5e0ab6c3fee0d02550ae01a36a388c5aa5cc5","11274809","1605607976","2020-11-17 10:12:56","0x3482549fca7511267c9ef7089507c0f16ea1dcc1","0x661aa0fce9ba700d652433dfc8134c2bdf0ba443","","0","0","0","0.00185454","5.7143755566","482.71","","","Transfer Ownership",""
"0xac131f1b7d2198254af6996b82fb5613317e286ff3b535da1b7fd8e3e6746177","11277042","1605637085","2020-11-17 18:18:05","0xf82bac698be26b4b3ebbc767c80ae76f3fa75949","0x3482549fca7511267c9ef7089507c0f16ea1dcc1","","0.098824","0","304.50540296","0.001176","3.62359704","482.71","","","Transfer",""
"0xa4774b47beda376201c186116a7e4c7fc2cae0b5d03c8363897411b98d22723a","11743844","1611830718","2021-01-28 10:45:18","0x3482549fca7511267c9ef7089507c0f16ea1dcc1","0xcd4ec7b66fbc029c116ba9ffb3e59351c20b5b06","","0","0","0","0.00229784","7.0803114136","1330.78","","","Set Beneficiary",""
"0xed33c50c13588707345782186c6ff52fb6166e7ee60f8f1f6a9e9fa351762a12","12246669","1618515985","2021-04-15 19:46:25","0x3482549fca7511267c9ef7089507c0f16ea1dcc1","0xcd4ec7b66fbc029c116ba9ffb3e59351c20b5b06","","0","0","0","0.00233784","7.2035630136","2517.08","","","Set Beneficiary",""
"0x85fca5688c3cd93d6365bb12ac7cff73a117c29ce8f58670224c44ea45a37883","12269041","1618815681","2021-04-19 07:01:21","0x3482549fca7511267c9ef7089507c0f16ea1dcc1","0xd07dc4262bcdbf85190c01c996b4c06a461d2430","","0","0","0","0.003858","11.88761682","2163.36","","","Set Token URI Prefix",""
"0xe525894b92cc2c9a5386ca344882e77026fda52688edea777b0e43b270e372cd","12451287","1621246684","2021-05-17 10:18:04","0x3482549fca7511267c9ef7089507c0f16ea1dcc1","0xcd4ec7b66fbc029c116ba9ffb3e59351c20b5b06","","0","0","0","0.00202573","6.2418615917","3280.73","","","Transfer Ownership",""
"0xc1e1e2974f5e17e75e54c475e6d43de909e8a51c6be50455b922f36ec3a57af8","12451303","1621246950","2021-05-17 10:22:30","0x3482549fca7511267c9ef7089507c0f16ea1dcc1","0xd07dc4262bcdbf85190c01c996b4c06a461d2430","","0","0","0","0.00202566","6.2416459014","3280.73","","","Transfer Ownership",""
"0x48d58a0e11208adc32f772a227f61d1150ae0c3eb3b0480fe963880ea5669720","12617600","1623472366","2021-06-12 04:32:46","0x3482549fca7511267c9ef7089507c0f16ea1dcc1","","0x8d987de90b847219fcff36fb19b453478fce7f41","0","0","0","0.002790108","8.59713187932","2369.62","","","0x60806040",""
"0x2f5bb0cc0b0da4935444e4632bf1d8802924fefa1032687a398a5a6aed57c0fc","12617616","1623472559","2021-06-12 04:35:59","0x3482549fca7511267c9ef7089507c0f16ea1dcc1","0x8d987de90b847219fcff36fb19b453478fce7f41","","0","0","0","0.00082179","2.5321733091","2369.62","","","Set Completed",""
"0x4307e39c8da7d160671ca7a38991ea9d4adf65e749748523a12f10dac535a9cc","12617618","1623472562","2021-06-12 04:36:02","0x3482549fca7511267c9ef7089507c0f16ea1dcc1","","0x124b1220c8753bce154b73b311b8db1c27486443","0","0","0","0.027116046","83.55240137934","2369.62","","","0x60806040",""
"0x40f4ee68d33e0ed4d83787370a4a9b73a54c963c006d72f882c8a0dfc67f77ef","12617619","1623472575","2021-06-12 04:36:15","0x3482549fca7511267c9ef7089507c0f16ea1dcc1","","0x80033c932904e077e55a6e43e5e9a796f34d2525","0","0","0","0.00871236","26.8453077444","2369.62","","","0x60806040",""
"0xa06ea406b0290171c1d60c9e11195902897fddfd66c0e83e28d325b3ab592ff9","12617620","1623472588","2021-06-12 04:36:28","0x3482549fca7511267c9ef7089507c0f16ea1dcc1","","0xc0fd7d55df0786c09841076e9e5002ac8b18c494","0","0","0","0.011559456","35.61803617824","2369.62","","","0x60806040",""
"0x87a41769ededf551cdffc6445c24f2e4c4ce2497db33b22cfc18bea72829a51d","12617622","1623472622","2021-06-12 04:37:02","0x3482549fca7511267c9ef7089507c0f16ea1dcc1","0x8d987de90b847219fcff36fb19b453478fce7f41","","0","0","0","0.00051399","1.5837522471","2369.62","","","Set Completed",""
"0x7c48bc04ede01696e173bd8e9959117dcd55d946b3663dc04da94c92bec005da","12617635","1623472737","2021-06-12 04:38:57","0x3482549fca7511267c9ef7089507c0f16ea1dcc1","","0x772d28775f0415a20d0c2104f81b431672359a97","0","0","0","0.002790108","8.59713187932","2369.62","","","0x60806040",""
"0x58e133122432737217bc14bf2a32e8ad29d9e7d2018b766fca98d6499be291f1","12617636","1623472747","2021-06-12 04:39:07","0x3482549fca7511267c9ef7089507c0f16ea1dcc1","0x772d28775f0415a20d0c2104f81b431672359a97","","0","0","0","0.00082179","2.5321733091","2369.62","","","Set Completed",""
"0x530219dc6f4a22fb5b87ac5c1e538b9654b76575be697416a889cd2c743b10cf","12617637","1623472760","2021-06-12 04:39:20","0x3482549fca7511267c9ef7089507c0f16ea1dcc1","","0xbb7829bfdd4b557eb944349b2e2c965446052497","0","0","0","0.015282162","47.08877294898","2369.62","","","0x60806040",""
"0x4002ae6ef5729107877e82e10b52543ee6368e44b75a92b94a386ccc347fc727","12617638","1623472768","2021-06-12 04:39:28","0x3482549fca7511267c9ef7089507c0f16ea1dcc1","0xbb7829bfdd4b557eb944349b2e2c965446052497","","0","0","0","0.001235664","3.80743912656","2369.62","","","__Operator Role_init",""
"0xa74a51241425211ceacad598b63a35a447646c5c2c4a8fbccfe0479f0ee852f3","12617640","1623472790","2021-06-12 04:39:50","0x3482549fca7511267c9ef7089507c0f16ea1dcc1","","0x75a8b7c0b22d973e0b46cfbd3e2f6566905aa79f","0","0","0","0.015067872","46.42848331488","2369.62","","","0x60806040",""
"0x1599b9609bfc7e05e86cdb80ec3ffd1bcc1687950533596ca374eb216d208266","12617642","1623472823","2021-06-12 04:40:23","0x3482549fca7511267c9ef7089507c0f16ea1dcc1","0x75a8b7c0b22d973e0b46cfbd3e2f6566905aa79f","","0","0","0","0.001235664","3.80743912656","2369.62","","","__Operator Role_init",""
"0x2d070acc3b95e79444c02dcbf155dfa1cd1bfbf3cfd9ebc80dc594754cf944b3","12617646","1623472856","2021-06-12 04:40:56","0x3482549fca7511267c9ef7089507c0f16ea1dcc1","0x772d28775f0415a20d0c2104f81b431672359a97","","0","0","0","0.00051399","1.5837522471","2369.62","","","Set Completed",""
"0x403f4d6e99348518e317f79ba192b1a1f9429a449f737258cf03a9bc724d80e3","12617695","1623473561","2021-06-12 04:52:41","0x3482549fca7511267c9ef7089507c0f16ea1dcc1","","0x0ef239d5758c5610270a58847e8ce9b674946793","0","0","0","0.002789892","8.59646632068","2369.62","","","0x60806040",""
"0xbbc0b98f91a9fc21db1d9043f1dc5f2fc4453ebae716fe36b6bce9f6486eb64e","12617726","1623474033","2021-06-12 05:00:33","0x3482549fca7511267c9ef7089507c0f16ea1dcc1","0x0ef239d5758c5610270a58847e8ce9b674946793","","0","0","0","0.00082179","2.5321733091","2369.62","","","Set Completed",""
"0xe08e61b093c49f019fa7a6b54d5fef65029360ffb455575fd2110871316e8521","12617729","1623474088","2021-06-12 05:01:28","0x3482549fca7511267c9ef7089507c0f16ea1dcc1","","0x6515169d27929e0ce1c5c3151e80316b6329c93f","0","0","0","0.068870682","212.21054373978","2369.62","","","0x60806040",""
"0x88082d81c62781438cbc416cd602ee3c0c6f42d79665c6eaa11df542da3b9b65","12617731","1623474099","2021-06-12 05:01:39","0x3482549fca7511267c9ef7089507c0f16ea1dcc1","","0xee144b050dd659940caa80ca3e409039bb4529b1","0","0","0","0.00871236","26.8453077444","2369.62","","","0x60806040",""
"0x1e36536775e68d7fc4310a97bfa4330019d978c4e197806b5a62f1d100b7e0ca","12617733","1623474162","2021-06-12 05:02:42","0x3482549fca7511267c9ef7089507c0f16ea1dcc1","","0xe21f9fbbe5cf21b3deead97fde953c206f368e33","0","0","0","0.016636356","51.26143737924","2369.62","","","0x60806040",""
"0x1ca19b10775af531c138da14ebc86db37b0a71083ba97ed0b29fca116cf484a0","12617752","1623474341","2021-06-12 05:05:41","0x3482549fca7511267c9ef7089507c0f16ea1dcc1","","0xf6793da657495ffeff9ee6350824910abc21356c","0","0","0","0.016636356","51.26143737924","2369.62","","","0x60806040",""
"0x894f05e5a6bf14067710e725c029300e676f8de1c2397f630322ce5b82d4bbf1","12617755","1623474367","2021-06-12 05:06:07","0x3482549fca7511267c9ef7089507c0f16ea1dcc1","0x0ef239d5758c5610270a58847e8ce9b674946793","","0","0","0","0.00051399","1.5837522471","2369.62","","","Set Completed",""
"0x31d387591da80847881434ae0c97256f2725d0dc1caf3047e187fc8b49134104","12617757","1623474420","2021-06-12 05:07:00","0x3482549fca7511267c9ef7089507c0f16ea1dcc1","","0x7109e05064e08c9e4d14b52e30c8ebacd8e7fa62","0","0","0","0.072093204","222.14006855316","2369.62","","","0x60806040",""
"0xd6f5a5616ee428c7024e51ee28976813425bafe869417a88fc9823733ad496fc","12617797","1623474902","2021-06-12 05:15:02","0x47921676a46ccfe3d80b161c7b4ddc8ed9e716b6","0x3482549fca7511267c9ef7089507c0f16ea1dcc1","","0.3","0","924.387","0.000231","0.71177799","2369.62","","","Transfer",""
"0x143a696ea67d92040a31b44751ab0304e9848a31ff7efd1efb6633492f8eebfb","12617801","1623474943","2021-06-12 05:15:43","0x3482549fca7511267c9ef7089507c0f16ea1dcc1","","0xb66a603f4cfe17e3d27b87a8bfcad319856518b8","0","0","0","0.016284024","50.17580031096","2369.62","","","0x60806040",""
"0xf12beddccf767fae071732f0b7da89542a9aacaf9eff24a582e27090e60ab5ad","12617802","1623474994","2021-06-12 05:16:34","0x3482549fca7511267c9ef7089507c0f16ea1dcc1","0x0ef239d5758c5610270a58847e8ce9b674946793","","0","0","0","0.00051399","1.5837522471","2369.62","","","Set Completed",""
"0xac6af949662bcc9ee295f65af1965aa2bd3c05fc5a6f9d2f3567e4f26da78908","12617803","1623475004","2021-06-12 05:16:44","0x3482549fca7511267c9ef7089507c0f16ea1dcc1","0xf6793da657495ffeff9ee6350824910abc21356c","","0","0","0","0.000994824","3.06534124296","2369.62","","","Set Default Approval",""
"0x87390b67b306e6f0a2bdc765901b24d7cbc8a894140dcae5099f7134ff3afed2","12617804","1623475011","2021-06-12 05:16:51","0x3482549fca7511267c9ef7089507c0f16ea1dcc1","0xf6793da657495ffeff9ee6350824910abc21356c","","0","0","0","0.000994824","3.06534124296","2369.62","","","Set Default Approval",""
"0x2150f848c451dcd5a970f14b7e3b3538203addd115c293aaf3f9041ff56846e4","12617805","1623475037","2021-06-12 05:17:17","0x3482549fca7511267c9ef7089507c0f16ea1dcc1","0xb66a603f4cfe17e3d27b87a8bfcad319856518b8","","0","0","0","0.000994014","3.06284539806","2369.62","","","Set Default Approval",""
"0xa1c12b00ce74819338d6b940ca3e1996a32d75fd4d58ccca95e1495c4c419a48","12617808","1623475067","2021-06-12 05:17:47","0x3482549fca7511267c9ef7089507c0f16ea1dcc1","0xb66a603f4cfe17e3d27b87a8bfcad319856518b8","","0","0","0","0.000994014","3.06284539806","2369.62","","","Set Default Approval",""
"0x3157ea5729bbc8c69268637cbedf661e159221de2079261f4c8f9a233db7d264","12617809","1623475108","2021-06-12 05:18:28","0x3482549fca7511267c9ef7089507c0f16ea1dcc1","0x0ef239d5758c5610270a58847e8ce9b674946793","","0","0","0","0.00051399","1.5837522471","2369.62","","","Set Completed",""
"0x6ad0e9d2285bf2e7689298ee2e068dd0a454cdd5488d63aac10e976a58652bf2","12617817","1623475291","2021-06-12 05:21:31","0x3482549fca7511267c9ef7089507c0f16ea1dcc1","","0x4397162d2adeb5f02ba27de3715f3c2a208ed7b5","0","0","0","0.002790108","8.59713187932","2369.62","","","0x60806040",""
"0xf8660d78380fb974e7f64acaa0bec9a1c6e5b2b96a9b116c95c9ffc0df52bc05","12617819","1623475307","2021-06-12 05:21:47","0x3482549fca7511267c9ef7089507c0f16ea1dcc1","0x4397162d2adeb5f02ba27de3715f3c2a208ed7b5","","0","0","0","0.00082179","2.5321733091","2369.62","","","Set Completed",""
"0xc427bfc56f3b782882e809ef96254601d29ba2a465751ca905bea73e80260f6d","12617822","1623475315","2021-06-12 05:21:55","0x3482549fca7511267c9ef7089507c0f16ea1dcc1","","0x13c755e5c4d167ec258c18bda35b6cd4413c931a","0","0","0","0.06161472","189.8528205888","2369.62","","","0x60806040",""
"0x17ce8ef3b204d69cf1168ac739c80ec4b46a33d82ec013a717e43e2332b84e39","12617825","1623475339","2021-06-12 05:22:19","0x3482549fca7511267c9ef7089507c0f16ea1dcc1","","0x3ebb574e8016f07dce569958bf3674b3b001dff8","0","0","0","0.00871236","26.8453077444","2369.62","","","0x60806040",""
"0xf8213dcebf3d7ae1804e629365e60f2b956187a4ecc6ec94e9846db1499e75ce","12617828","1623475395","2021-06-12 05:23:15","0x3482549fca7511267c9ef7089507c0f16ea1dcc1","","0x9757f2d2b135150bbeb65308d4a91804107cd8d6","0","0","0","0.01446975","44.5854959775","2369.62","","","0x60806040",""
"0xe726cfab71fc7ba2fa0f046b6c1e8c522dfadf5a1d0efb121a5eb5370b828c56","12617830","1623475425","2021-06-12 05:23:45","0x3482549fca7511267c9ef7089507c0f16ea1dcc1","0x4397162d2adeb5f02ba27de3715f3c2a208ed7b5","","0","0","0","0.00051399","1.5837522471","2369.62","","","Set Completed",""
"0xe4bfa88a5a674f3ff8665494007d301b9685cf410b833933b12e91c4f9a857b5","12617841","1623475589","2021-06-12 05:26:29","0x3482549fca7511267c9ef7089507c0f16ea1dcc1","0x9757f2d2b135150bbeb65308d4a91804107cd8d6","","0","0","0","0.00099603","3.0690572787","2369.62","","","Set Transfer Proxy",""
"0xd9fc84cad24f51d4b3d4b90100ddd136eb9edea45abf6719c9fb20cdee7f9ddd","12617843","1623475637","2021-06-12 05:27:17","0x3482549fca7511267c9ef7089507c0f16ea1dcc1","0x9757f2d2b135150bbeb65308d4a91804107cd8d6","","0","0","0","0.00099603","3.0690572787","2369.62","","","Set Transfer Proxy",""
"0xac779b6e86d0157dbb42aa64a9f0a640cbd4fce630bda0f4ee3d8b080a414c40","12617857","1623475762","2021-06-12 05:29:22","0x3482549fca7511267c9ef7089507c0f16ea1dcc1","0x75a8b7c0b22d973e0b46cfbd3e2f6566905aa79f","","0","0","0","0.000831384","2.56173520536","2369.62","","","Add Operator",""
"0x853d3866f0a0ddc33c4d682b3a9b4921293e38c886be3c55776f26e7cbb2777f","12617859","1623475804","2021-06-12 05:30:04","0x3482549fca7511267c9ef7089507c0f16ea1dcc1","0xbb7829bfdd4b557eb944349b2e2c965446052497","","0","0","0","0.000831384","2.56173520536","2369.62","","","Add Operator",""
"0xf7f4552dbe740b04e8ca5532480495b06ce55ab074e49d7b5b739aa0aaeb4637","12662489","1624074295","2021-06-19 03:44:55","0x3482549fca7511267c9ef7089507c0f16ea1dcc1","","0xe57d3c977c9acfaf870fa93a81e0ea9d30080f0c","0","0","0","0.002790108","8.59713187932","2166.61","","","0x60806040",""
"0xd649dfedf10479a9b8a10fd5443ff97ca42621909384f8e48f030686e83817fa","12662490","1624074349","2021-06-19 03:45:49","0x3482549fca7511267c9ef7089507c0f16ea1dcc1","0xe57d3c977c9acfaf870fa93a81e0ea9d30080f0c","","0","0","0","0.00082179","2.5321733091","2166.61","","","Set Completed",""
"0xbd78dca4f015426f6da059c0129acaff197a9fe32ea9fdcdb3d666ba9950cad8","12662491","1624074376","2021-06-19 03:46:16","0x3482549fca7511267c9ef7089507c0f16ea1dcc1","","0x9a2500a2187f3c00f6e3d577fbf4704d055a8c19","0","0","0","0.027140238","83.62694394702","2166.61","","","0x60806040",""
"0x213517a4e902c10f4bacd04b7bcb68eac590d30f8bbed50f37aac8f664de8774","12662496","1624074394","2021-06-19 03:46:34","0x3482549fca7511267c9ef7089507c0f16ea1dcc1","","0xea90cfad1b8e030b8fd3e63d22074e0aeb8e0dcd","0","0","0","0.011559024","35.61670506096","2166.61","","","0x60806040",""
"0xd9e78fc3c57f56aeb609e86934a1d291a7b2897b4a05f630528ad06fc5555157","12662497","1624074421","2021-06-19 03:47:01","0x3482549fca7511267c9ef7089507c0f16ea1dcc1","0xe57d3c977c9acfaf870fa93a81e0ea9d30080f0c","","0","0","0","0.00051399","1.5837522471","2166.61","","","Set Completed",""
"0x3aa0c019d28c88c20f81afea69dd3f536ef5480890f73f8f6d0a4dad58d53032","12662509","1624074546","2021-06-19 03:49:06","0x3482549fca7511267c9ef7089507c0f16ea1dcc1","0x9757f2d2b135150bbeb65308d4a91804107cd8d6","","0","0","0","0.000655596","2.02008139884","2166.61","","","Set Royalties Registry",""
"0x1851239232da32504cf0d4b2e7068c5e5b22a55f2e39cd7e96e1e384433d5414","12692159","1624475034","2021-06-23 19:03:54","0x3482549fca7511267c9ef7089507c0f16ea1dcc1","","0xfe63f548e482242e6a0d6b754eaf7f45dda712e1","0","0","0","0.063030222","194.21439274638","1967.95","","","0x60806040",""
"0x02fca95e0b27f036ae7094971acaebd935ee53e814d8aefa25405401e7e01885","12692161","1624475054","2021-06-23 19:04:14","0x3482549fca7511267c9ef7089507c0f16ea1dcc1","0x3ebb574e8016f07dce569958bf3674b3b001dff8","","0","0","0","0.000698652","2.15274942108","1967.95","","","Upgrade",""
"0x9975b23140ca00ab7ef7832a9258856172bbdfb37d73bc3b5c7dab063a28271e","12692169","1624475110","2021-06-23 19:05:10","0x3482549fca7511267c9ef7089507c0f16ea1dcc1","0x4397162d2adeb5f02ba27de3715f3c2a208ed7b5","","0","0","0","0.00051399","1.5837522471","1967.95","","","Set Completed",""
"0x31e56985f3169d32a2d1be77f28bd5a0100ccb223b9a3c07ef05056b4580c8e2","12692178","1624475255","2021-06-23 19:07:35","0x3482549fca7511267c9ef7089507c0f16ea1dcc1","0x4397162d2adeb5f02ba27de3715f3c2a208ed7b5","","0","0","0","0.00051399","1.5837522471","1967.95","","","Set Completed",""
"0x283bad480cf27882d968e0cd6a8b1999477886f65ed71d14ff7ff731a88a82ad","12696688","1624535650","2021-06-24 11:54:10","0x3482549fca7511267c9ef7089507c0f16ea1dcc1","","0x09eab21c40743b2364b94345419138ef80f39e30","0","0","0","0.045100314","138.96714652506","1989.01","","","0x60806040",""
"0x9d076e9bb40065b3191e1bb9a27067a1e212a17b987da07ef777c094ce288f57","12696689","1624535666","2021-06-24 11:54:26","0x3482549fca7511267c9ef7089507c0f16ea1dcc1","0xfb2c97c09a5e8bc0312626db40f9df460b5af58b","","0","0","0","0.00051399","1.5837522471","1989.01","","","Set Completed",""
"0x47d869c9b88ddaf693ef630a170d6a9f5c8f9c155893bd58d84f407acac4e750","12696781","1624537058","2021-06-24 12:17:38","0x3482549fca7511267c9ef7089507c0f16ea1dcc1","0x09eab21c40743b2364b94345419138ef80f39e30","","0","0","0","0.000526014","1.62080167806","1989.01","","","Set Beneficiary",""
"0x04747fc26f0cc6a8be72ed99bdb71f6646949149cbc9e3b09aed9ec9f201bed5","12697403","1624545510","2021-06-24 14:38:30","0xb5d85cbf7cb3ee0d56b3bb207d5fc4b82f43f511","0x3482549fca7511267c9ef7089507c0f16ea1dcc1","","0.3","0","924.387","0.000462","1.42355598","1989.01","","","Transfer",""
"0xed66ff84b9bc3700786b533ada6afbec00aeb41a7ea74f8e53f6f46edb803dbf","12736148","1625066593","2021-06-30 15:23:13","0x3482549fca7511267c9ef7089507c0f16ea1dcc1","0x3482549fca7511267c9ef7089507c0f16ea1dcc1","","0","0","0","0.000525","1.61767725","2276.14","","","Transfer",""
"0xaf2a8b4b933a2371f8d82044f87c99c758a2e371a8705ffebd6d6e9a05779706","12736154","1625066632","2021-06-30 15:23:52","0x3482549fca7511267c9ef7089507c0f16ea1dcc1","","0xc729ffa0f3a5738a8286e17dce4f396232190ade","0","0","0","0.10497297","323.4521627313","2276.14","","","0x60806040",""
"0xa154c433cff5849da53a51c937d8f903f1d8a57743fd73ae48a87998f5faa7b7","12736156","1625066730","2021-06-30 15:25:30","0x3482549fca7511267c9ef7089507c0f16ea1dcc1","0x3ebb574e8016f07dce569958bf3674b3b001dff8","","0","0","0","0.00116442","3.5879157018","2276.14","","","Upgrade",""
"0xea4b845411b3e1c47f0ca55076c3501e2f42ac6178f986f76c755df1bfb6515e","12736157","1625066732","2021-06-30 15:25:32","0x3482549fca7511267c9ef7089507c0f16ea1dcc1","0x4397162d2adeb5f02ba27de3715f3c2a208ed7b5","","0","0","0","0.00085665","2.6395870785","2276.14","","","Set Completed",""
"0x20a4325243115bfe3ece7b468dfbb5fee1b16a11b30fbcd39a9a0da5d723e26f","12914333","1627473890","2021-07-28 12:04:50","0x3482549fca7511267c9ef7089507c0f16ea1dcc1","0x4397162d2adeb5f02ba27de3715f3c2a208ed7b5","","0","0","0","0.00085665","2.6395870785","2301.12","","","Set Completed",""
"0xff4077b12149c5b6b62e89b3b9f4dc5b380c4b11bd0d8bcce81a4fd580adb44e","12914337","1627473973","2021-07-28 12:06:13","0x3482549fca7511267c9ef7089507c0f16ea1dcc1","","0x5ab4667dbf7b130165567e503b2410b9043e5feb","0","0","0","0.11168853","344.1447506037","2301.12","","","0x60806040",""
"0xba9b6789aad53c3409d47fce74da762b7d99061230ec896442ba8b14ce7f39cf","12914451","1627475387","2021-07-28 12:29:47","0x3482549fca7511267c9ef7089507c0f16ea1dcc1","","0xaf46e8b5138af2d42fef394cb91a279125d4e8d0","0","0","0","0.11168853","344.1447506037","2301.12","","","0x60806040",""
"0x0b464ad2115f28179e89de950139c609a75b67137b7c4423c488d71cd7a5baf1","12914755","1627479716","2021-07-28 13:41:56","0xb5d85cbf7cb3ee0d56b3bb207d5fc4b82f43f511","0x3482549fca7511267c9ef7089507c0f16ea1dcc1","","0.5","0","1540.645","0.000777","2.39416233","2301.12","","","Transfer",""
"0xd1e38be222ba38394b91afcd8f146c8b2ac15e2cc0de9f3eca82b8eec21bb97d","12915009","1627483319","2021-07-28 14:41:59","0x3482549fca7511267c9ef7089507c0f16ea1dcc1","0x3482549fca7511267c9ef7089507c0f16ea1dcc1","","0","0","0","0.00084","2.5882836","2301.12","","","Transfer",""
"0x4e9e0955ab753842f20b276773061bb0d8f2a53f498d458bfe8ff179ebd2c838","12915009","1627483319","2021-07-28 14:41:59","0x3482549fca7511267c9ef7089507c0f16ea1dcc1","0x3482549fca7511267c9ef7089507c0f16ea1dcc1","","0","0","0","0.00084","2.5882836","2301.12","","","Transfer",""
"0xe2e76d24ed82d19afc845f922f252cd307d0b48eae4496cf53a4ffe6544a8ce5","12915013","1627483428","2021-07-28 14:43:48","0x3482549fca7511267c9ef7089507c0f16ea1dcc1","0x3ebb574e8016f07dce569958bf3674b3b001dff8","","0","0","0","0.00155256","4.7838876024","2301.12","","","Upgrade",""
"0xd466e83cc4e19fa70ad186c1ad4fb1a4c4fb96e243609d18fe4316ea2bd97ef2","12915015","1627483434","2021-07-28 14:43:54","0x3482549fca7511267c9ef7089507c0f16ea1dcc1","0x4397162d2adeb5f02ba27de3715f3c2a208ed7b5","","0","0","0","0.0011422","3.519449438","2301.12","","","Set Completed",""
"0x6a20a96bc6997765290699770487d85a812f4f2d88bb9c8055760d8891e69635","12963392","1628144920","2021-08-05 06:28:40","0x3482549fca7511267c9ef7089507c0f16ea1dcc1","","0xbea5d525dd6e1cb6c196276fb807422103b61b55","0","0","0","0.0739206","227.770805574","2829.23","","","0x60806040",""
"0x4296fbe1964eced125c70b83c15b1ab81b060629fcaef933794a2ec79b3660b2","12963400","1628144988","2021-08-05 06:29:48","0x3482549fca7511267c9ef7089507c0f16ea1dcc1","0x80033c932904e077e55a6e43e5e9a796f34d2525","","0","0","0","0.0019407","5.979859503","2829.23","","","Upgrade",""
"0xe52b2922ec84d43cd9e3105f866b58ddad2f9419ee0d180fa8e186cf5aece335","12963403","1628145068","2021-08-05 06:31:08","0x3482549fca7511267c9ef7089507c0f16ea1dcc1","0xe57d3c977c9acfaf870fa93a81e0ea9d30080f0c","","0","0","0","0.00142775","4.3993117975","2829.23","","","Set Completed",""
"0x68c515a5690e7077ce68e80a5580fde20de375fdb9088d589327577b5b7c8ad1","12963418","1628145234","2021-08-05 06:33:54","0x3482549fca7511267c9ef7089507c0f16ea1dcc1","","0x0330bd3830df5358af73da668fbfe52a6e039dc5","0","0","0","0.1900446","585.582525534","2829.23","","","0x60806040",""
"0xe5ff98cb2c79b8f38d95c934e12ccc877bb17b46593ba7b21a5424d13f55ac24","12963420","1628145257","2021-08-05 06:34:17","0x3482549fca7511267c9ef7089507c0f16ea1dcc1","0xee144b050dd659940caa80ca3e409039bb4529b1","","0","0","0","0.0019407","5.979859503","2829.23","","","Upgrade",""
"0x8decf7ebb9aeabf37d5a5d3c9ec1ad628e3e4ca620466de0e6a19933ab1c88f0","12963422","1628145275","2021-08-05 06:34:35","0x3482549fca7511267c9ef7089507c0f16ea1dcc1","","0xb735875fe26dade0664ebc4d4cfdf4915c8efa59","0","0","0","0.20445605","629.9883823045","2829.23","","","0x60806040",""
"0x11b13460743b32bd161680f2e52206f54b226994af1e7f45de2ec59f0f4a3392","12963929","1628152658","2021-08-05 08:37:38","0xeb2629a2734e272bcc07bda959863f316f4bd4cf","0x3482549fca7511267c9ef7089507c0f16ea1dcc1","","0.5","0","1540.645","0.001029","3.17064741","2829.23","","","Transfer",""
"0x68e9fcaaef6112659b50dbc16ac77cc3630b335a40787a3a92fca2787f6c722f","12963948","1628152926","2021-08-05 08:42:06","0x3482549fca7511267c9ef7089507c0f16ea1dcc1","0xee144b050dd659940caa80ca3e409039bb4529b1","","0","0","0","0.0018007","5.548478903","2829.23","","","Upgrade",""
"0x3dfe1ec9f0a85795445eb2061e9180ea97096cfa442f870ff7a8f875fa35605c","12963951","1628152941","2021-08-05 08:42:21","0x3482549fca7511267c9ef7089507c0f16ea1dcc1","0xee144b050dd659940caa80ca3e409039bb4529b1","","0","0","0","0.0019407","5.979859503","2829.23","","","Upgrade",""
"0x938fe77a17066eb7cf677faff377aa29e2a9ff69e86ff31b2f043e22c2a13947","12963953","1628152954","2021-08-05 08:42:34","0x3482549fca7511267c9ef7089507c0f16ea1dcc1","0x0ef239d5758c5610270a58847e8ce9b674946793","","0","0","0","0.00142775","4.3993117975","2829.23","","","Set Completed",""
"0x570a6cf997bb2f75de3c77a9b1fd852d53db1367389ce6d2365d757216329529","12963956","1628152976","2021-08-05 08:42:56","0x3482549fca7511267c9ef7089507c0f16ea1dcc1","","0x71dbe051df4176b1c7795294427a0d68ee2b5f8d","0","0","0","0.0178152","54.893797608","2829.23","","","0x60806040",""
"0x916c3e4e786b7ce8dafcc249e4a361701eb659fdc5390d967a9cd94246b15f99","12963963","1628153053","2021-08-05 08:44:13","0x3482549fca7511267c9ef7089507c0f16ea1dcc1","","0x6d9dd3547baf4c190ab89e0103c363feaf325eca","0","0","0","0.0517051","159.318407579","2829.23","","","0x60806040",""
"0x1e09f49b0ea3906d6a7b0a8a4aefde455abea60b18cd1df0abf547b8357fc6e2","12963964","1628153072","2021-08-05 08:44:32","0x3482549fca7511267c9ef7089507c0f16ea1dcc1","","0x027d7bc9f6a37600fe936cb98cea3e32ef82812e","0","0","0","0.0178152","54.893797608","2829.23","","","0x60806040",""
"0x2051602298dfe4137b999e6fed8ec1ab57a596072a83aad53458a1071b70ef27","12963996","1628153542","2021-08-05 08:52:22","0x3482549fca7511267c9ef7089507c0f16ea1dcc1","","0x3cc351310bac4549b668427ddb29e0af235ecb7e","0","0","0","0.0178152","54.893797608","2829.23","","","0x60806040",""
"0x24771d47b4023c1eadf4ef80aa459b3e7a91e7ac0744f9fbb25cee4eff4d34af","12964010","1628153744","2021-08-05 08:55:44","0x3482549fca7511267c9ef7089507c0f16ea1dcc1","","0x81243681078bee8e251d02ee6872b1eaa6dd982a","0","0","0","0.0517045","159.316558805","2829.23","","","0x60806040",""
"0x6f14ee41d54a54782078bcf9a8ed84bec8821d0de88f1ee3db8fb127fe1b0183","12964011","1628153749","2021-08-05 08:55:49","0x3482549fca7511267c9ef7089507c0f16ea1dcc1","0x0ef239d5758c5610270a58847e8ce9b674946793","","0","0","0","0.00142775","4.3993117975","2829.23","","","Set Completed",""
